"playerID","nameFirst","nameLast","nameFull","teamID","teamName","salary","salary_mil"
"abreuto01","Tony","Abreu","Tony Abreu","SFN","San Francisco Giants",498000,0.498
"aceveal01","Alfredo","Aceves","Alfredo Aceves","BOS","Boston Red Sox",2650000,2.65
"ackledu01","Dustin","Ackley","Dustin Ackley","SEA","Seattle Mariners",2700000,2.7
"adamsda02","David","Adams","David Adams","NYA","New York Yankees",540000,0.54
"adamsma01","Matt","Adams","Matt Adams","SLN","St. Louis Cardinals",490000,0.49
"adamsmi03","Mike","Adams","Mike Adams","PHI","Philadelphia Phillies",5000000,5
"affelje01","Jeremy","Affeldt","Jeremy Affeldt","SFN","San Francisco Giants",6000000,6
"alberma01","Matt","Albers","Matt Albers","CLE","Cleveland Indians",1750000,1.75
"albural01","Al","Alburquerque","Al Alburquerque","DET","Detroit Tigers",500000,0.5
"allenco01","Cody","Allen","Cody Allen","CLE","Cleveland Indians",492600,0.4926
"alonsyo01","Yonder","Alonso","Yonder Alonso","SDN","San Diego Padres",1120000,1.12
"altuvjo01","Jose","Altuve","Jose Altuve","HOU","Houston Astros",505700,0.5057
"alvarhe01","Henderson","Alvarez","Henderson Alvarez","MIA","Miami Marlins",507900,0.5079
"alvarpe01","Pedro","Alvarez","Pedro Alvarez","PIT","Pittsburgh Pirates",700000,0.7
"amarial01","Alexi","Amarista","Alexi Amarista","SDN","San Diego Padres",497400,0.4974
"ambrihe01","Hector","Ambriz","Hector Ambriz","HOU","Houston Astros",493400,0.4934
"anderbr04","Brett","Anderson","Brett Anderson","OAK","Oakland Athletics",5750000,5.75
"andinro01","Robert","Andino","Robert Andino","SEA","Seattle Mariners",1600000,1.6
"andruel01","Elvis","Andrus","Elvis Andrus","TEX","Texas Rangers",5050000,5.05
"aokino01","Norichika","Aoki","Norichika Aoki","MIL","Milwaukee Brewers",1712500,1.7125
"arencjp01","J. P.","Arencibia","J. P. Arencibia","TOR","Toronto Blue Jays",505600,0.5056
"ariasjo01","Joaquin","Arias","Joaquin Arias","SFN","San Francisco Giants",925000,0.925
"arrieja01","Jake","Arrieta","Jake Arrieta","BAL","Baltimore Orioles",516500,0.5165
"arroybr01","Bronson","Arroyo","Bronson Arroyo","CIN","Cincinnati Reds",16445535,16.445535
"atchisc01","Scott","Atchison","Scott Atchison","NYN","New York Mets",700000,0.7
"aumonph01","Phillippe","Aumont","Phillippe Aumont","PHI","Philadelphia Phillies",490000,0.49
"avilaal01","Alex","Avila","Alex Avila","DET","Detroit Tigers",2950000,2.95
"avilalu01","Luis","Avilan","Luis Avilan","ATL","Atlanta Braves",491250,0.49125
"avilemi01","Mike","Aviles","Mike Aviles","CLE","Cleveland Indians",2250000,2.25
"axelrdy01","Dylan","Axelrod","Dylan Axelrod","CHA","Chicago Cubs",493000,0.493
"axforjo01","John","Axford","John Axford","MIL","Milwaukee Brewers",5000000,5
"ayalalu01","Luis","Ayala","Luis Ayala","BAL","Baltimore Orioles",1000000,1
"aybarer01","Erick","Aybar","Erick Aybar","LAA","Los Angeles Angels of Anaheim",8750000,8.75
"badenbu01","Burke","Badenhop","Burke Badenhop","MIL","Milwaukee Brewers",1550000,1.55
"bailean01","Andrew","Bailey","Andrew Bailey","BOS","Boston Red Sox",4100000,4.1
"baileho02","Homer","Bailey","Homer Bailey","CIN","Cincinnati Reds",5350000,5.35
"bakerjo01","John","Baker","John Baker","SDN","San Diego Padres",930000,0.93
"bakersc02","Scott","Baker","Scott Baker","CHN","Chicago White Sox",5500000,5.5
"balfogr01","Grant","Balfour","Grant Balfour","OAK","Oakland Athletics",4500000,4.5
"bardda01","Daniel","Bard","Daniel Bard","BOS","Boston Red Sox",1862500,1.8625
"barmecl01","Clint","Barmes","Clint Barmes","PIT","Pittsburgh Pirates",5500000,5.5
"barnebr02","Brandon","Barnes","Brandon Barnes","HOU","Houston Astros",491700,0.4917
"barneda01","Darwin","Barney","Darwin Barney","CHN","Chicago White Sox",562000,0.562
"bartoda02","Daric","Barton","Daric Barton","OAK","Oakland Athletics",1100000,1.1
"bassan01","Anthony","Bass","Anthony Bass","SDN","San Diego Padres",503600,0.5036
"bastaan01","Antonio","Bastardo","Antonio Bastardo","PHI","Philadelphia Phillies",1400000,1.4
"bautijo02","Jose","Bautista","Jose Bautista","TOR","Toronto Blue Jays",14000000,14
"baxtemi01","Mike","Baxter","Mike Baxter","NYN","New York Mets",500318,0.500318
"bayja01","Jason","Bay","Jason Bay","SEA","Seattle Mariners",1000000,1
"beachbr01","Brandon","Beachy","Brandon Beachy","ATL","Atlanta Braves",510000,0.51
"beavabl01","Blake","Beavan","Blake Beavan","SEA","Seattle Mariners",506700,0.5067
"beckejo02","Josh","Beckett","Josh Beckett","LAN","Los Angeles Dodgers",17000000,17
"beckhgo01","Gordon","Beckham","Gordon Beckham","CHA","Chicago Cubs",2925000,2.925
"belisma01","Matt","Belisle","Matt Belisle","COL","Colorado Rockies",4100000,4.1
"belisro01","Ronald","Belisario","Ronald Belisario","LAN","Los Angeles Dodgers",1450000,1.45
"bellhe01","Heath","Bell","Heath Bell","ARI","Arizona Diamondbacks",10000000,10
"beltbr01","Brandon","Belt","Brandon Belt","SFN","San Francisco Giants",531500,0.5315
"beltrad01","Adrian","Beltre","Adrian Beltre","TEX","Texas Rangers",16000000,16
"beltrca01","Carlos","Beltran","Carlos Beltran","SLN","St. Louis Cardinals",13000000,13
"benoijo01","Joaquin","Benoit","Joaquin Benoit","DET","Detroit Tigers",5500000,5.5
"berkmla01","Lance","Berkman","Lance Berkman","TEX","Texas Rangers",10000000,10
"bernaro01","Roger","Bernadina","Roger Bernadina","WAS","Washington Nationals",1212500,1.2125
"betanra01","Rafael","Betancourt","Rafael Betancourt","COL","Colorado Rockies",4250000,4.25
"betanyu01","Yuniesky","Betancourt","Yuniesky Betancourt","MIL","Milwaukee Brewers",900000,0.9
"betemwi01","Wilson","Betemit","Wilson Betemit","BAL","Baltimore Orioles",2000000,2
"biancje01","Jeff","Bianchi","Jeff Bianchi","MIL","Milwaukee Brewers",490000,0.49
"billich01","Chad","Billingsley","Chad Billingsley","LAN","Los Angeles Dodgers",11000000,11
"blacktr01","Travis","Blackley","Travis Blackley","OAK","Oakland Athletics",550000,0.55
"blancgr01","Gregor","Blanco","Gregor Blanco","SFN","San Francisco Giants",1350000,1.35
"blanche01","Henry","Blanco","Henry Blanco","TOR","Toronto Blue Jays",750000,0.75
"blankky01","Kyle","Blanks","Kyle Blanks","SDN","San Diego Padres",605000,0.605
"blantjo01","Joe","Blanton","Joe Blanton","LAA","Los Angeles Angels of Anaheim",6500000,6.5
"blevije01","Jerry","Blevins","Jerry Blevins","OAK","Oakland Athletics",1100000,1.1
"bloomwi01","Willie","Bloomquist","Willie Bloomquist","ARI","Arizona Diamondbacks",1900000,1.9
"boescbr01","Brennan","Boesch","Brennan Boesch","NYA","New York Yankees",1500000,1.5
"boggsmi01","Mitchell","Boggs","Mitchell Boggs","SLN","St. Louis Cardinals",1475000,1.475
"bonifem01","Emilio","Bonifacio","Emilio Bonifacio","TOR","Toronto Blue Jays",2600000,2.6
"borboju01","Julio","Borbon","Julio Borbon","TEX","Texas Rangers",496000,0.496
"bourjpe01","Peter","Bourjos","Peter Bourjos","LAA","Los Angeles Angels of Anaheim",512500,0.5125
"bournmi01","Michael","Bourn","Michael Bourn","CLE","Cleveland Indians",7000000,7
"bowdemi01","Michael","Bowden","Michael Bowden","CHN","Chicago White Sox",509500,0.5095
"brachbr01","Brad","Brach","Brad Brach","SDN","San Diego Padres",498200,0.4982
"brantmi02","Michael","Brantley","Michael Brantley","CLE","Cleveland Indians",526900,0.5269
"brantro01","Rob","Brantly","Rob Brantly","MIA","Miami Marlins",490000,0.49
"braunry02","Ryan","Braun","Ryan Braun","MIL","Milwaukee Brewers",9898611,9.898611
"breslcr01","Craig","Breslow","Craig Breslow","BOS","Boston Red Sox",2325000,2.325
"brignre01","Reid","Brignac","Reid Brignac","COL","Colorado Rockies",499000,0.499
"brothre01","Rex","Brothers","Rex Brothers","COL","Colorado Rockies",491000,0.491
"browndo01","Domonic","Brown","Domonic Brown","PHI","Philadelphia Phillies",500000,0.5
"broxtjo01","Jonathan","Broxton","Jonathan Broxton","CIN","Cincinnati Reds",4000000,4
"bruceja01","Jay","Bruce","Jay Bruce","CIN","Cincinnati Reds",7541667,7.541667
"buchhcl01","Clay","Buchholz","Clay Buchholz","BOS","Boston Red Sox",5750000,5.75
"buckjo01","John","Buck","John Buck","NYN","New York Mets",6500000,6.5
"buehrma01","Mark","Buehrle","Mark Buehrle","TOR","Toronto Blue Jays",12000000,12
"bumgama01","Madison","Bumgarner","Madison Bumgarner","SFN","San Francisco Giants",916667,0.916667
"burkegr01","Greg","Burke","Greg Burke","NYN","New York Mets",550000,0.55
"burneaj01","A. J.","Burnett","A. J. Burnett","PIT","Pittsburgh Pirates",16500000,16.5
"burnese01","Sean","Burnett","Sean Burnett","LAA","Los Angeles Angels of Anaheim",3625000,3.625
"burnsco01","Cory","Burns","Cory Burns","TEX","Texas Rangers",492000,0.492
"burtoja01","Jared","Burton","Jared Burton","MIN","Minnesota Twins",2050000,2.05
"buterdr01","Drew","Butera","Drew Butera","MIN","Minnesota Twins",700000,0.7
"butlebi03","Billy","Butler","Billy Butler","KCA","Kansas City Royals",8500000,8.5
"cabrace01","Cesar","Cabral","Cesar Cabral","NYA","New York Yankees",490000,0.49
"cabreas01","Asdrubal","Cabrera","Asdrubal Cabrera","CLE","Cleveland Indians",6500000,6.5
"cabreev01","Everth","Cabrera","Everth Cabrera","SDN","San Diego Padres",1275000,1.275
"cabreme01","Melky","Cabrera","Melky Cabrera","TOR","Toronto Blue Jays",8000000,8
"cabremi01","Miguel","Cabrera","Miguel Cabrera","DET","Detroit Tigers",21000000,21
"cahiltr01","Trevor","Cahill","Trevor Cahill","ARI","Arizona Diamondbacks",5700000,5.7
"cainlo01","Lorenzo","Cain","Lorenzo Cain","KCA","Kansas City Royals",503175,0.503175
"cainma01","Matt","Cain","Matt Cain","SFN","San Francisco Giants",20833333,20.833333
"calhoko01","Kole","Calhoun","Kole Calhoun","LAA","Los Angeles Angels of Anaheim",491000,0.491
"callaal01","Alberto","Callaspo","Alberto Callaspo","LAA","Los Angeles Angels of Anaheim",4100000,4.1
"campato01","Tony","Campana","Tony Campana","ARI","Arizona Diamondbacks",497500,0.4975
"campsh01","Shawn","Camp","Shawn Camp","CHN","Chicago White Sox",1350000,1.35
"canoro01","Robinson","Cano","Robinson Cano","NYA","New York Yankees",15000000,15
"cappsca01","Carter","Capps","Carter Capps","SEA","Seattle Mariners",491700,0.4917
"capuach01","Chris","Capuano","Chris Capuano","LAN","Los Angeles Dodgers",6375000,6.375
"carmofa01","Roberto","Hernandez","Roberto Hernandez","TBA","Tampa Bay Rays",3250000,3.25
"carpeda02","David","Carpenter","David Carpenter","LAA","Los Angeles Angels of Anaheim",493000,0.493
"carpema01","Matt","Carpenter","Matt Carpenter","SLN","St. Louis Cardinals",504000,0.504
"carpmi01","Mike","Carp","Mike Carp","BOS","Boston Red Sox",508500,0.5085
"carraca01","Carlos","Carrasco","Carlos Carrasco","CLE","Cleveland Indians",490000,0.49
"carroja01","Jamey","Carroll","Jamey Carroll","MIN","Minnesota Twins",3750000,3.75
"carsoro01","Robert","Carson","Robert Carson","NYN","New York Mets",491375,0.491375
"cartech02","Chris","Carter","Chris Carter","HOU","Houston Astros",494000,0.494
"cashnan01","Andrew","Cashner","Andrew Cashner","SDN","San Diego Padres",500800,0.5008
"casteal01","Alex","Castellanos","Alex Castellanos","LAN","Los Angeles Dodgers",490500,0.4905
"castiwe01","Welington","Castillo","Welington Castillo","CHN","Chicago White Sox",503000,0.503
"castrja01","Jason","Castro","Jason Castro","HOU","Houston Astros",496600,0.4966
"castrst01","Starlin","Castro","Starlin Castro","CHN","Chicago White Sox",5857143,5.857143
"cecilbr01","Brett","Cecil","Brett Cecil","TOR","Toronto Blue Jays",510000,0.51
"cedenro02","Ronny","Cedeno","Ronny Cedeno","HOU","Houston Astros",718000,0.718
"cedenxa01","Xavier","Cedeno","Xavier Cedeno","HOU","Houston Astros",495900,0.4959
"cervefr01","Francisco","Cervelli","Francisco Cervelli","NYA","New York Yankees",515350,0.51535
"cespeyo01","Yoenis","Cespedes","Yoenis Cespedes","OAK","Oakland Athletics",8500000,8.5
"chacijh01","Jhoulys","Chacin","Jhoulys Chacin","COL","Colorado Rockies",1650000,1.65
"chambad01","Adron","Chambers","Adron Chambers","SLN","St. Louis Cardinals",490000,0.49
"chambjo03","Joba","Chamberlain","Joba Chamberlain","NYA","New York Yankees",1875000,1.875
"chapmar01","Aroldis","Chapman","Aroldis Chapman","CIN","Cincinnati Reds",4835772,4.835772
"chaveer01","Eric","Chavez","Eric Chavez","ARI","Arizona Diamondbacks",3000000,3
"chenbr01","Bruce","Chen","Bruce Chen","KCA","Kansas City Royals",4500000,4.5
"chenwe02","Wei-Yin","Chen","Wei-Yin Chen","BAL","Baltimore Orioles",3655333,3.655333
"chiselo01","Lonnie","Chisenhall","Lonnie Chisenhall","CLE","Cleveland Indians",492900,0.4929
"choatra01","Randy","Choate","Randy Choate","SLN","St. Louis Cardinals",1500000,1.5
"choosh01","Shin-Soo","Choo","Shin-Soo Choo","CIN","Cincinnati Reds",7375000,7.375
"ciriape01","Pedro","Ciriaco","Pedro Ciriaco","BOS","Boston Red Sox",502500,0.5025
"cishest01","Steve","Cishek","Steve Cishek","MIA","Miami Marlins",505000,0.505
"cletoma01","Maikel","Cleto","Maikel Cleto","SLN","St. Louis Cardinals",490000,0.49
"clevest01","Steve","Clevenger","Steve Clevenger","CHN","Chicago White Sox",496000,0.496
"clippty01","Tyler","Clippard","Tyler Clippard","WAS","Washington Nationals",4000000,4
"cobbal01","Alex","Cobb","Alex Cobb","TBA","Tampa Bay Rays",502200,0.5022
"coghlch01","Chris","Coghlan","Chris Coghlan","MIA","Miami Marlins",503500,0.5035
"cokeph01","Phil","Coke","Phil Coke","DET","Detroit Tigers",850000,0.85
"colliti01","Tim","Collins","Tim Collins","KCA","Kansas City Royals",534500,0.5345
"collmjo01","Josh","Collmenter","Josh Collmenter","ARI","Arizona Diamondbacks",504000,0.504
"colonba01","Bartolo","Colon","Bartolo Colon","OAK","Oakland Athletics",3000000,3
"colvity01","Tyler","Colvin","Tyler Colvin","COL","Colorado Rockies",2275000,2.275
"congeha01","Hank","Conger","Hank Conger","LAA","Los Angeles Angels of Anaheim",495000,0.495
"cookry01","Ryan","Cook","Ryan Cook","OAK","Oakland Athletics",505000,0.505
"corbipa01","Patrick","Corbin","Patrick Corbin","ARI","Arizona Diamondbacks",494000,0.494
"corpoca01","Carlos","Corporan","Carlos Corporan","HOU","Houston Astros",495000,0.495
"correke01","Kevin","Correia","Kevin Correia","MIN","Minnesota Twins",4500000,4.5
"cowgico01","Collin","Cowgill","Collin Cowgill","NYN","New York Mets",493520,0.49352
"cozarza01","Zack","Cozart","Zack Cozart","CIN","Cincinnati Reds",497500,0.4975
"craigal01","Allen","Craig","Allen Craig","SLN","St. Louis Cardinals",1750000,1.75
"crainje01","Jesse","Crain","Jesse Crain","CHA","Chicago Cubs",4500000,4.5
"crawfbr01","Brandon","Crawford","Brandon Crawford","SFN","San Francisco Giants",530000,0.53
"crawfca02","Carl","Crawford","Carl Crawford","LAN","Los Angeles Dodgers",20857143,20.857143
"crispco01","Coco","Crisp","Coco Crisp","OAK","Oakland Athletics",7000000,7
"crowaa01","Aaron","Crow","Aaron Crow","KCA","Kansas City Royals",1280000,1.28
"cruzlu01","Luis","Cruz","Luis Cruz","LAN","Los Angeles Dodgers",505000,0.505
"cruzne02","Nelson","Cruz","Nelson Cruz","TEX","Texas Rangers",10250000,10.25
"cruzrh01","Rhiner","Cruz","Rhiner Cruz","HOU","Houston Astros",498000,0.498
"cruzto03","Tony","Cruz","Tony Cruz","SLN","St. Louis Cardinals",503000,0.503
"cuddymi01","Michael","Cuddyer","Michael Cuddyer","COL","Colorado Rockies",10500000,10.5
"cuetojo01","Johnny","Cueto","Johnny Cueto","CIN","Cincinnati Reds",7400000,7.4
"danksjo01","John","Danks","John Danks","CHA","Chicago Cubs",15750000,15.75
"darviyu01","Yu","Darvish","Yu Darvish","TEX","Texas Rangers",9500000,9.5
"davisch02","Chris","Davis","Chris Davis","BAL","Baltimore Orioles",3300000,3.3
"davisik02","Ike","Davis","Ike Davis","NYN","New York Mets",3125000,3.125
"daviskh01","Khris","Davis","Khris Davis","MIL","Milwaukee Brewers",490000,0.49
"davisra01","Rajai","Davis","Rajai Davis","TOR","Toronto Blue Jays",2500000,2.5
"daviswa01","Wade","Davis","Wade Davis","KCA","Kansas City Royals",2800000,2.8
"deazaal01","Alejandro","De Aza","Alejandro De Aza","CHA","Chicago Cubs",2075000,2.075
"dejesda01","David","DeJesus","David DeJesus","CHN","Chicago White Sox",4250000,4.25
"delabst01","Steve","Delabar","Steve Delabar","TOR","Toronto Blue Jays",498900,0.4989
"delarjo01","Jorge","De La Rosa","Jorge De La Rosa","COL","Colorado Rockies",11000000,11
"delgara01","Randall","Delgado","Randall Delgado","ARI","Arizona Diamondbacks",495000,0.495
"dempsry01","Ryan","Dempster","Ryan Dempster","BOS","Boston Red Sox",13250000,13.25
"denorch01","Chris","Denorfia","Chris Denorfia","SDN","San Diego Padres",2000000,2
"derosma01","Mark","DeRosa","Mark DeRosa","TOR","Toronto Blue Jays",750000,0.75
"descada01","Daniel","Descalso","Daniel Descalso","SLN","St. Louis Cardinals",511000,0.511
"desmoia01","Ian","Desmond","Ian Desmond","WAS","Washington Nationals",3800000,3.8
"detwiro01","Ross","Detwiler","Ross Detwiler","WAS","Washington Nationals",2337500,2.3375
"devrico01","Cole","De Vries","Cole De Vries","MIN","Minnesota Twins",500000,0.5
"diamosc01","Scott","Diamond","Scott Diamond","MIN","Minnesota Twins",530000,0.53
"dickera01","R. A.","Dickey","R. A. Dickey","TOR","Toronto Blue Jays",5000000,5
"dirksan01","Andy","Dirks","Andy Dirks","DET","Detroit Tigers",505000,0.505
"dobbsgr01","Greg","Dobbs","Greg Dobbs","MIA","Miami Marlins",1600000,1.6
"dominma01","Matt","Dominguez","Matt Dominguez","HOU","Houston Astros",491800,0.4918
"donaljo02","Josh","Donaldson","Josh Donaldson","OAK","Oakland Athletics",492500,0.4925
"doolise01","Sean","Doolittle","Sean Doolittle","OAK","Oakland Athletics",492500,0.4925
"doteloc01","Octavio","Dotel","Octavio Dotel","DET","Detroit Tigers",3500000,3.5
"doubrfe01","Felix","Doubront","Felix Doubront","BOS","Boston Red Sox",518500,0.5185
"doumiry01","Ryan","Doumit","Ryan Doumit","MIN","Minnesota Twins",3500000,3.5
"downsda02","Darin","Downs","Darin Downs","DET","Detroit Tigers",494000,0.494
"downssc01","Scott","Downs","Scott Downs","LAA","Los Angeles Angels of Anaheim",5000000,5
"doziebr01","Brian","Dozier","Brian Dozier","MIN","Minnesota Twins",497500,0.4975
"drabeky01","Kyle","Drabek","Kyle Drabek","TOR","Toronto Blue Jays",499500,0.4995
"drewst01","Stephen","Drew","Stephen Drew","BOS","Boston Red Sox",9500000,9.5
"dudalu01","Lucas","Duda","Lucas Duda","NYN","New York Mets",519240,0.51924
"duensbr01","Brian","Duensing","Brian Duensing","MIN","Minnesota Twins",1300000,1.3
"duffyda01","Danny","Duffy","Danny Duffy","KCA","Kansas City Royals",505125,0.505125
"dukeza01","Zach","Duke","Zach Duke","WAS","Washington Nationals",700000,0.7
"dunnad01","Adam","Dunn","Adam Dunn","CHA","Chicago Cubs",15000000,15
"dunnmi01","Mike","Dunn","Mike Dunn","MIA","Miami Marlins",492500,0.4925
"durbich01","Chad","Durbin","Chad Durbin","PHI","Philadelphia Phillies",850000,0.85
"dysonja01","Jarrod","Dyson","Jarrod Dyson","KCA","Kansas City Royals",506000,0.506
"eatonad02","Adam","Eaton","Adam Eaton","ARI","Arizona Diamondbacks",491000,0.491
"edginjo01","Josh","Edgin","Josh Edgin","NYN","New York Mets",493500,0.4935
"ellisaj01","A. J.","Ellis","A. J. Ellis","LAN","Los Angeles Dodgers",2000000,2
"ellisma01","Mark","Ellis","Mark Ellis","LAN","Los Angeles Dodgers",5250000,5.25
"ellsbja01","Jacoby","Ellsbury","Jacoby Ellsbury","BOS","Boston Red Sox",9000000,9
"encared01","Edwin","Encarnacion","Edwin Encarnacion","TOR","Toronto Blue Jays",8000000,8
"eovalna01","Nathan","Eovaldi","Nathan Eovaldi","MIA","Miami Marlins",502000,0.502
"eppleco01","Cody","Eppley","Cody Eppley","NYA","New York Yankees",510350,0.51035
"escaled01","Edgmer","Escalona","Edgmer Escalona","COL","Colorado Rockies",491000,0.491
"escobal02","Alcides","Escobar","Alcides Escobar","KCA","Kansas City Royals",3000000,3
"escobed01","Eduardo","Escobar","Eduardo Escobar","MIN","Minnesota Twins",495000,0.495
"escobyu01","Yunel","Escobar","Yunel Escobar","TBA","Tampa Bay Rays",5000000,5
"espinda01","Danny","Espinosa","Danny Espinosa","WAS","Washington Nationals",526250,0.52625
"estrama01","Marco","Estrada","Marco Estrada","MIL","Milwaukee Brewers",1955000,1.955
"ethiean01","Andre","Ethier","Andre Ethier","LAN","Los Angeles Dodgers",13500000,13.5
"familje01","Jeurys","Familia","Jeurys Familia","NYN","New York Mets",491750,0.49175
"farnsky01","Kyle","Farnsworth","Kyle Farnsworth","TBA","Tampa Bay Rays",1250000,1.25
"federti01","Tim","Federowicz","Tim Federowicz","LAN","Los Angeles Dodgers",491000,0.491
"feldmsc01","Scott","Feldman","Scott Feldman","CHN","Chicago White Sox",6000000,6
"felizne01","Neftali","Feliz","Neftali Feliz","TEX","Texas Rangers",2900000,2.9
"fieldjo03","Josh","Fields","Josh Fields","HOU","Houston Astros",490000,0.49
"fieldpr01","Prince","Fielder","Prince Fielder","DET","Detroit Tigers",23000000,23
"fienca01","Casey","Fien","Casey Fien","MIN","Minnesota Twins",500000,0.5
"fiersmi01","Mike","Fiers","Mike Fiers","MIL","Milwaukee Brewers",498000,0.498
"fifest01","Stephen","Fife","Stephen Fife","LAN","Los Angeles Dodgers",492500,0.4925
"figuepe01","Pedro","Figueroa","Pedro Figueroa","OAK","Oakland Athletics",492500,0.4925
"fistedo01","Doug","Fister","Doug Fister","DET","Detroit Tigers",4000000,4
"flahery01","Ryan","Flaherty","Ryan Flaherty","BAL","Baltimore Orioles",493500,0.4935
"floripe01","Pedro","Florimon","Pedro Florimon","MIN","Minnesota Twins",495000,0.495
"flowety01","Tyler","Flowers","Tyler Flowers","CHA","Chicago Cubs",510000,0.51
"floydga01","Gavin","Floyd","Gavin Floyd","CHA","Chicago Cubs",9500000,9.5
"forsylo01","Logan","Forsythe","Logan Forsythe","SDN","San Diego Padres",499000,0.499
"fowlede01","Dexter","Fowler","Dexter Fowler","COL","Colorado Rockies",3750000,3.75
"francfr01","Frank","Francisco","Frank Francisco","NYN","New York Mets",6500000,6.5
"francje01","Jeff","Francis","Jeff Francis","COL","Colorado Rockies",1500000,1.5
"francje02","Jeff","Francoeur","Jeff Francoeur","KCA","Kansas City Royals",6750000,6.75
"francju02","Juan","Francisco","Juan Francisco","ATL","Atlanta Braves",496250,0.49625
"frandke01","Kevin","Frandsen","Kevin Frandsen","PHI","Philadelphia Phillies",850000,0.85
"frasoja01","Jason","Frasor","Jason Frasor","TEX","Texas Rangers",1500000,1.5
"frazito01","Todd","Frazier","Todd Frazier","CIN","Cincinnati Reds",527500,0.5275
"freemfr01","Freddie","Freeman","Freddie Freeman","ATL","Atlanta Braves",560000,0.56
"freesda01","David","Freese","David Freese","SLN","St. Louis Cardinals",3150000,3.15
"freimna01","Nate","Freiman","Nate Freiman","OAK","Oakland Athletics",490000,0.49
"frierer01","Ernesto","Frieri","Ernesto Frieri","LAA","Los Angeles Angels of Anaheim",530000,0.53
"fujikky01","Kyuji","Fujikawa","Kyuji Fujikawa","CHN","Chicago White Sox",4500000,4.5
"fuldsa01","Sam","Fuld","Sam Fuld","TBA","Tampa Bay Rays",725000,0.725
"furbuch01","Charlie","Furbush","Charlie Furbush","SEA","Seattle Mariners",504500,0.5045
"gallayo01","Yovani","Gallardo","Yovani Gallardo","MIL","Milwaukee Brewers",8000000,8
"galvifr01","Freddy","Galvis","Freddy Galvis","PHI","Philadelphia Phillies",490000,0.49
"garciav01","Avisail","Garcia","Avisail Garcia","DET","Detroit Tigers",490000,0.49
"garcija01","Santiago","Casilla","Santiago Casilla","SFN","San Francisco Giants",4166667,4.166667
"garcija02","Jaime","Garcia","Jaime Garcia","SLN","St. Louis Cardinals",5875000,5.875
"garcile02","Leury","Garcia","Leury Garcia","TEX","Texas Rangers",490000,0.49
"gardnbr01","Brett","Gardner","Brett Gardner","NYA","New York Yankees",2850000,2.85
"garlajo01","Jon","Garland","Jon Garland","COL","Colorado Rockies",500000,0.5
"garzama01","Matt","Garza","Matt Garza","CHN","Chicago White Sox",10250000,10.25
"gaudich01","Chad","Gaudin","Chad Gaudin","SFN","San Francisco Giants",750000,0.75
"gearrco01","Cory","Gearrin","Cory Gearrin","ATL","Atlanta Braves",491250,0.49125
"geedi01","Dillon","Gee","Dillon Gee","NYN","New York Mets",527375,0.527375
"gentrcr01","Craig","Gentry","Craig Gentry","TEX","Texas Rangers",501000,0.501
"getzch01","Chris","Getz","Chris Getz","KCA","Kansas City Royals",1050000,1.05
"giambja01","Jason","Giambi","Jason Giambi","CLE","Cleveland Indians",750000,0.75
"gillaco01","Conor","Gillaspie","Conor Gillaspie","CHA","Chicago Cubs",490500,0.4905
"gimenhe01","Hector","Gimenez","Hector Gimenez","CHA","Chicago Cubs",493000,0.493
"goldspa01","Paul","Goldschmidt","Paul Goldschmidt","ARI","Arizona Diamondbacks",500000,0.5
"gomesjo01","Jonny","Gomes","Jonny Gomes","BOS","Boston Red Sox",5000000,5
"gomezca01","Carlos","Gomez","Carlos Gomez","MIL","Milwaukee Brewers",4300000,4.3
"gomezje01","Jeanmar","Gomez","Jeanmar Gomez","PIT","Pittsburgh Pirates",500000,0.5
"gonzaad01","Adrian","Gonzalez","Adrian Gonzalez","LAN","Los Angeles Dodgers",21857143,21.857143
"gonzaal02","Alex","Gonzalez","Alex Gonzalez","MIL","Milwaukee Brewers",1450000,1.45
"gonzaca01","Carlos","Gonzalez","Carlos Gonzalez","COL","Colorado Rockies",7928571,7.928571
"gonzagi01","Gio","Gonzalez","Gio Gonzalez","WAS","Washington Nationals",6350000,6.35
"gonzama01","Marwin","Gonzalez","Marwin Gonzalez","HOU","Houston Astros",494400,0.4944
"gonzami02","Mike","Gonzalez","Mike Gonzalez","MIL","Milwaukee Brewers",2250000,2.25
"gonzami03","Miguel","Gonzalez","Miguel Gonzalez","BAL","Baltimore Orioles",502000,0.502
"gordoal01","Alex","Gordon","Alex Gordon","KCA","Kansas City Royals",9000000,9
"gorzeto01","Tom","Gorzelanny","Tom Gorzelanny","MIL","Milwaukee Brewers",2750000,2.75
"grandcu01","Curtis","Granderson","Curtis Granderson","NYA","New York Yankees",15000000,15
"grandya01","Yasmani","Grandal","Yasmani Grandal","SDN","San Diego Padres",990000,0.99
"gregelu01","Luke","Gregerson","Luke Gregerson","SDN","San Diego Padres",3200000,3.2
"gregodi01","Didi","Gregorius","Didi Gregorius","ARI","Arizona Diamondbacks",491000,0.491
"greinza01","Zack","Greinke","Zack Greinke","LAN","Los Angeles Dodgers",21000000,21
"griffaj01","A. J.","Griffin","A. J. Griffin","OAK","Oakland Athletics",492500,0.4925
"grillja01","Jason","Grilli","Jason Grilli","PIT","Pittsburgh Pirates",2500000,2.5
"guerrma02","Matt","Guerrier","Matt Guerrier","LAN","Los Angeles Dodgers",4711499,4.711499
"guthrje01","Jeremy","Guthrie","Jeremy Guthrie","KCA","Kansas City Royals",5000000,5
"gutiefr01","Franklin","Gutierrez","Franklin Gutierrez","SEA","Seattle Mariners",7312500,7.3125
"gutieju01","J. C.","Gutierrez","J. C. Gutierrez","KCA","Kansas City Royals",750000,0.75
"guzmaje01","Jesus","Guzman","Jesus Guzman","SDN","San Diego Padres",503200,0.5032
"hafnetr01","Travis","Hafner","Travis Hafner","NYA","New York Yankees",2000000,2
"hagadni01","Nick","Hagadone","Nick Hagadone","CLE","Cleveland Indians",492100,0.4921
"hairsje02","Jerry","Hairston","Jerry Hairston","LAN","Los Angeles Dodgers",3750000,3.75
"hairssc01","Scott","Hairston","Scott Hairston","CHN","Chicago White Sox",2500000,2.5
"hallaro01","Roy","Halladay","Roy Halladay","PHI","Philadelphia Phillies",20000000,20
"hamelco01","Cole","Hamels","Cole Hamels","PHI","Philadelphia Phillies",20500000,20.5
"hamiljo03","Josh","Hamilton","Josh Hamilton","LAA","Los Angeles Angels of Anaheim",17400000,17.4
"hammeja01","Jason","Hammel","Jason Hammel","BAL","Baltimore Orioles",6750000,6.75
"hanigry01","Ryan","Hanigan","Ryan Hanigan","CIN","Cincinnati Reds",2350000,2.35
"hannaja01","Jack","Hannahan","Jack Hannahan","CIN","Cincinnati Reds",1000000,1
"hanrajo01","Joel","Hanrahan","Joel Hanrahan","BOS","Boston Red Sox",7040000,7.04
"hansoto01","Tommy","Hanson","Tommy Hanson","LAA","Los Angeles Angels of Anaheim",3725000,3.725
"happja01","J. A.","Happ","J. A. Happ","TOR","Toronto Blue Jays",3700000,3.7
"hardyjj01","J. J.","Hardy","J. J. Hardy","BAL","Baltimore Orioles",7416667,7.416667
"harenda01","Dan","Haren","Dan Haren","WAS","Washington Nationals",13000000,13
"harpebr03","Bryce","Harper","Bryce Harper","WAS","Washington Nationals",2000000,2
"harrelu01","Lucas","Harrell","Lucas Harrell","HOU","Houston Astros",500700,0.5007
"harrijo05","Josh","Harrison","Josh Harrison","PIT","Pittsburgh Pirates",503000,0.503
"harrima01","Matt","Harrison","Matt Harrison","TEX","Texas Rangers",5200000,5.2
"harvema01","Matt","Harvey","Matt Harvey","NYN","New York Mets",498750,0.49875
"hawkila01","LaTroy","Hawkins","LaTroy Hawkins","NYN","New York Mets",480000,0.48
"hayesbr01","Brett","Hayes","Brett Hayes","KCA","Kansas City Royals",600000,0.6
"headlch01","Chase","Headley","Chase Headley","SDN","San Diego Padres",8575000,8.575
"hechaad01","Adeiny","Hechavarria","Adeiny Hechavarria","MIA","Miami Marlins",2750000,2.75
"hefneje01","Jeremy","Hefner","Jeremy Hefner","NYN","New York Mets",500625,0.500625
"heisech01","Chris","Heisey","Chris Heisey","CIN","Cincinnati Reds",1325000,1.325
"hellije01","Jeremy","Hellickson","Jeremy Hellickson","TBA","Tampa Bay Rays",503000,0.503
"heltoto01","Todd","Helton","Todd Helton","COL","Colorado Rockies",6175000,6.175
"hendeji01","Jim","Henderson","Jim Henderson","MIL","Milwaukee Brewers",492000,0.492
"hendrli01","Liam","Hendriks","Liam Hendriks","MIN","Minnesota Twins",495000,0.495
"hernada01","David","Hernandez","David Hernandez","ARI","Arizona Diamondbacks",1375000,1.375
"hernafe02","Felix","Hernandez","Felix Hernandez","SEA","Seattle Mariners",20557143,20.557143
"hernara02","Ramon","Hernandez","Ramon Hernandez","COL","Colorado Rockies",3200000,3.2
"hernara02","Ramon","Hernandez","Ramon Hernandez","LAN","Los Angeles Dodgers",6000000,6
"herreel01","Elian","Herrera","Elian Herrera","LAN","Los Angeles Dodgers",492500,0.4925
"herrejo03","Jonathan","Herrera","Jonathan Herrera","COL","Colorado Rockies",900000,0.9
"herreke01","Kelvin","Herrera","Kelvin Herrera","KCA","Kansas City Royals",508175,0.508175
"hestejo01","John","Hester","John Hester","LAA","Los Angeles Angels of Anaheim",495000,0.495
"heywaja01","Jason","Heyward","Jason Heyward","ATL","Atlanta Braves",3650000,3.65
"hicksaa01","Aaron","Hicks","Aaron Hicks","MIN","Minnesota Twins",490000,0.49
"hillaa01","Aaron","Hill","Aaron Hill","ARI","Arizona Diamondbacks",5500000,5.5
"hillri01","Rich","Hill","Rich Hill","CLE","Cleveland Indians",1000000,1
"hinsker01","Eric","Hinske","Eric Hinske","ARI","Arizona Diamondbacks",1350000,1.35
"hochelu01","Luke","Hochevar","Luke Hochevar","KCA","Kansas City Royals",4560000,4.56
"hollade01","Derek","Holland","Derek Holland","TEX","Texas Rangers",3400000,3.4
"hollagr01","Greg","Holland","Greg Holland","KCA","Kansas City Royals",539500,0.5395
"hollima01","Matt","Holliday","Matt Holliday","SLN","St. Louis Cardinals",16272110,16.27211
"hoovejj01","J. J.","Hoover","J. J. Hoover","CIN","Cincinnati Reds",492500,0.4925
"horstje01","Jeremy","Horst","Jeremy Horst","PHI","Philadelphia Phillies",497000,0.497
"hosmeer01","Eric","Hosmer","Eric Hosmer","KCA","Kansas City Royals",528250,0.52825
"howarry01","Ryan","Howard","Ryan Howard","PHI","Philadelphia Phillies",20000000,20
"howeljp01","J. P.","Howell","J. P. Howell","LAN","Los Angeles Dodgers",2850000,2.85
"hudsoti01","Tim","Hudson","Tim Hudson","ATL","Atlanta Braves",9000000,9
"huffda01","David","Huff","David Huff","CLE","Cleveland Indians",493600,0.4936
"hugheja02","Jared","Hughes","Jared Hughes","PIT","Pittsburgh Pirates",504500,0.5045
"hugheph01","Phil","Hughes","Phil Hughes","NYA","New York Yankees",7150000,7.15
"humbeph01","Philip","Humber","Philip Humber","HOU","Houston Astros",480000,0.48
"hundlni01","Nick","Hundley","Nick Hundley","SDN","San Diego Padres",3000000,3
"hunteto01","Torii","Hunter","Torii Hunter","DET","Detroit Tigers",12000000,12
"hunteto02","Tommy","Hunter","Tommy Hunter","BAL","Baltimore Orioles",1820000,1.82
"iannech01","Chris","Iannetta","Chris Iannetta","LAA","Los Angeles Angels of Anaheim",5050000,5.05
"ibanera01","Raul","Ibanez","Raul Ibanez","SEA","Seattle Mariners",2750000,2.75
"iglesjo01","Jose","Iglesias","Jose Iglesias","BOS","Boston Red Sox",2062500,2.0625
"infanom01","Omar","Infante","Omar Infante","DET","Detroit Tigers",4000000,4
"ingebr01","Brandon","Inge","Brandon Inge","PIT","Pittsburgh Pirates",1250000,1.25
"iwakuhi01","Hisashi","Iwakuma","Hisashi Iwakuma","SEA","Seattle Mariners",6500000,6.5
"izturma01","Maicer","Izturis","Maicer Izturis","TOR","Toronto Blue Jays",3000000,3
"jacksau01","Austin","Jackson","Austin Jackson","DET","Detroit Tigers",3500000,3.5
"jacksed01","Edwin","Jackson","Edwin Jackson","CHN","Chicago White Sox",13000000,13
"jacksry02","Ryan","Jackson","Ryan Jackson","SLN","St. Louis Cardinals",490000,0.49
"janispa01","Paul","Janish","Paul Janish","ATL","Atlanta Braves",725000,0.725
"janseke01","Kenley","Jansen","Kenley Jansen","LAN","Los Angeles Dodgers",512000,0.512
"janssca01","Casey","Janssen","Casey Janssen","TOR","Toronto Blue Jays",3900000,3.9
"jasojo01","John","Jaso","John Jaso","OAK","Oakland Athletics",1800000,1.8
"jayjo02","Jon","Jay","Jon Jay","SLN","St. Louis Cardinals",524000,0.524
"jeffrje01","Jeremy","Jeffress","Jeremy Jeffress","TOR","Toronto Blue Jays",495900,0.4959
"jennide01","Desmond","Jennings","Desmond Jennings","TBA","Tampa Bay Rays",501800,0.5018
"jepseke01","Kevin","Jepsen","Kevin Jepsen","LAA","Los Angeles Angels of Anaheim",1181250,1.18125
"jeterde01","Derek","Jeter","Derek Jeter","NYA","New York Yankees",16729365,16.729365
"jimenlu02","Luis","Jimenez","Luis Jimenez","LAA","Los Angeles Angels of Anaheim",490000,0.49
"jimenub01","Ubaldo","Jimenez","Ubaldo Jimenez","CLE","Cleveland Indians",5750000,5.75
"johnsch05","Chris","Johnson","Chris Johnson","ATL","Atlanta Braves",2287500,2.2875
"johnsel02","Elliot","Johnson","Elliot Johnson","KCA","Kansas City Royals",520500,0.5205
"johnsji04","Jim","Johnson","Jim Johnson","BAL","Baltimore Orioles",6500000,6.5
"johnsjo09","Josh","Johnson","Josh Johnson","TOR","Toronto Blue Jays",13750000,13.75
"johnske05","Kelly","Johnson","Kelly Johnson","TBA","Tampa Bay Rays",2450000,2.45
"johnsre02","Reed","Johnson","Reed Johnson","ATL","Atlanta Braves",1600000,1.6
"johnsst02","Steve","Johnson","Steve Johnson","BAL","Baltimore Orioles",495000,0.495
"jonesad01","Adam","Jones","Adam Jones","BAL","Baltimore Orioles",8833333,8.833333
"jonesga02","Garrett","Jones","Garrett Jones","PIT","Pittsburgh Pirates",4500000,4.5
"jonesna01","Nate","Jones","Nate Jones","CHA","Chicago Cubs",507500,0.5075
"joycema01","Matthew","Joyce","Matthew Joyce","TBA","Tampa Bay Rays",2450000,2.45
"kellesh01","Shawn","Kelley","Shawn Kelley","NYA","New York Yankees",935000,0.935
"kellyjo05","Joe","Kelly","Joe Kelly","SLN","St. Louis Cardinals",493000,0.493
"kempma01","Matt","Kemp","Matt Kemp","LAN","Los Angeles Dodgers",20250000,20.25
"kendrho01","Howie","Kendrick","Howie Kendrick","LAA","Los Angeles Angels of Anaheim",9100000,9.1
"kendrky01","Kyle","Kendrick","Kyle Kendrick","PHI","Philadelphia Phillies",4500000,4.5
"kenneia01","Ian","Kennedy","Ian Kennedy","ARI","Arizona Diamondbacks",4265000,4.265
"keppije01","Jeff","Keppinger","Jeff Keppinger","CHA","Chicago Cubs",3500000,3.5
"kershcl01","Clayton","Kershaw","Clayton Kershaw","LAN","Los Angeles Dodgers",11750000,11.75
"kimbrcr01","Craig","Kimbrel","Craig Kimbrel","ATL","Atlanta Braves",655000,0.655
"kinslia01","Ian","Kinsler","Ian Kinsler","TEX","Texas Rangers",13000000,13
"kintzbr01","Brandon","Kintzler","Brandon Kintzler","MIL","Milwaukee Brewers",491000,0.491
"kipnija01","Jason","Kipnis","Jason Kipnis","CLE","Cleveland Indians",509400,0.5094
"kirkmmi01","Michael","Kirkman","Michael Kirkman","TEX","Texas Rangers",495800,0.4958
"konerpa01","Paul","Konerko","Paul Konerko","CHA","Chicago Cubs",12501506,12.501506
"kontoge01","George","Kontos","George Kontos","SFN","San Francisco Giants",494500,0.4945
"kotsama01","Mark","Kotsay","Mark Kotsay","SDN","San Diego Padres",1300000,1.3
"kottage01","George","Kottaras","George Kottaras","KCA","Kansas City Royals",1000000,1
"kozmape01","Pete","Kozma","Pete Kozma","SLN","St. Louis Cardinals",490000,0.49
"kratzer01","Erik","Kratz","Erik Kratz","PHI","Philadelphia Phillies",496000,0.496
"kubelja01","Jason","Kubel","Jason Kubel","ARI","Arizona Diamondbacks",7500000,7.5
"kurodhi01","Hiroki","Kuroda","Hiroki Kuroda","NYA","New York Yankees",15000000,15
"lackejo01","John","Lackey","John Lackey","BOS","Boston Red Sox",15950000,15.95
"laffeaa01","Aaron","Laffey","Aaron Laffey","NYN","New York Mets",480000,0.48
"lairdge01","Gerald","Laird","Gerald Laird","ATL","Atlanta Braves",1500000,1.5
"lannajo01","John","Lannan","John Lannan","PHI","Philadelphia Phillies",2500000,2.5
"larocad01","Adam","LaRoche","Adam LaRoche","WAS","Washington Nationals",10000000,10
"latosma01","Mat","Latos","Mat Latos","CIN","Cincinnati Reds",4250000,4.25
"lawribr01","Brett","Lawrie","Brett Lawrie","TOR","Toronto Blue Jays",500000,0.5
"layneto01","Tommy","Layne","Tommy Layne","SDN","San Diego Padres",491300,0.4913
"leagubr01","Brandon","League","Brandon League","LAN","Los Angeles Dodgers",5500000,5.5
"leakemi01","Mike","Leake","Mike Leake","CIN","Cincinnati Reds",3060000,3.06
"leblawa01","Wade","LeBlanc","Wade LeBlanc","MIA","Miami Marlins",491500,0.4915
"lecursa01","Sam","LeCure","Sam LeCure","CIN","Cincinnati Reds",510000,0.51
"leecl02","Cliff","Lee","Cliff Lee","PHI","Philadelphia Phillies",25000000,25
"lerouch01","Chris","Leroux","Chris Leroux","PIT","Pittsburgh Pirates",502000,0.502
"lestejo01","Jon","Lester","Jon Lester","BOS","Boston Red Sox",11625000,11.625
"lillyte01","Ted","Lilly","Ted Lilly","LAN","Los Angeles Dodgers",13166667,13.166667
"linceti01","Tim","Lincecum","Tim Lincecum","SFN","San Francisco Giants",22250000,22.25
"lindad01","Adam","Lind","Adam Lind","TOR","Toronto Blue Jays",5150000,5.15
"lindbjo01","Josh","Lindblom","Josh Lindblom","TEX","Texas Rangers",500100,0.5001
"lindsma01","Matt","Lindstrom","Matt Lindstrom","CHA","Chicago Cubs",2300000,2.3
"liriafr01","Francisco","Liriano","Francisco Liriano","PIT","Pittsburgh Pirates",1000000,1
"lockeje01","Jeff","Locke","Jeff Locke","PIT","Pittsburgh Pirates",497500,0.4975
"loeka01","Kameron","Loe","Kameron Loe","SEA","Seattle Mariners",1050000,1.05
"loganbo02","Boone","Logan","Boone Logan","NYA","New York Yankees",3150000,3.15
"lohseky01","Kyle","Lohse","Kyle Lohse","MIL","Milwaukee Brewers",10063922,10.063922
"lombast02","Steve","Lombardozzi","Steve Lombardozzi","WAS","Washington Nationals",501250,0.50125
"loneyja01","James","Loney","James Loney","TBA","Tampa Bay Rays",2000000,2
"longoev01","Evan","Longoria","Evan Longoria","TBA","Tampa Bay Rays",2500018,2.500018
"lopezja02","Javier","Lopez","Javier Lopez","SFN","San Francisco Giants",4250000,4.25
"lopezwi01","Wilton","Lopez","Wilton Lopez","COL","Colorado Rockies",1762500,1.7625
"loupaa01","Aaron","Loup","Aaron Loup","TOR","Toronto Blue Jays",494200,0.4942
"lowrije01","Jed","Lowrie","Jed Lowrie","OAK","Oakland Athletics",2400000,2.4
"lucrojo01","Jonathan","Lucroy","Jonathan Lucroy","MIL","Milwaukee Brewers",850000,0.85
"ludwiry01","Ryan","Ludwick","Ryan Ludwick","CIN","Cincinnati Reds",2000000,2
"luetglu01","Lucas","Luetge","Lucas Luetge","SEA","Seattle Mariners",495500,0.4955
"lutzza01","Zach","Lutz","Zach Lutz","NYN","New York Mets",490040,0.49004
"lynnla01","Lance","Lynn","Lance Lynn","SLN","St. Louis Cardinals",513000,0.513
"lyonbr01","Brandon","Lyon","Brandon Lyon","NYN","New York Mets",750000,0.75
"machama01","Manny","Machado","Manny Machado","BAL","Baltimore Orioles",495000,0.495
"machije01","Jean","Machi","Jean Machi","SFN","San Francisco Giants",490500,0.4905
"maholpa01","Paul","Maholm","Paul Maholm","ATL","Atlanta Braves",6500000,6.5
"mahonjo01","Joe","Mahoney","Joe Mahoney","MIA","Miami Marlins",490000,0.49
"maldoma01","Martin","Maldonado","Martin Maldonado","MIL","Milwaukee Brewers",494000,0.494
"marcush01","Shaun","Marcum","Shaun Marcum","NYN","New York Mets",4000000,4
"markani01","Nick","Markakis","Nick Markakis","BAL","Baltimore Orioles",15350000,15.35
"marmoca01","Carlos","Marmol","Carlos Marmol","CHN","Chicago White Sox",10133333,10.133333
"marquja01","Jason","Marquis","Jason Marquis","SDN","San Diego Padres",3000000,3
"marshse01","Sean","Marshall","Sean Marshall","CIN","Cincinnati Reds",4625000,4.625
"marsolo01","Lou","Marson","Lou Marson","CLE","Cleveland Indians",1000000,1
"martest01","Starling","Marte","Starling Marte","PIT","Pittsburgh Pirates",500000,0.5
"marticr01","Cristhian","Martinez","Cristhian Martinez","ATL","Atlanta Braves",749750,0.74975
"martife02","Fernando","Martinez","Fernando Martinez","HOU","Houston Astros",493000,0.493
"martile01","Leonys","Martin","Leonys Martin","TEX","Texas Rangers",3250000,3.25
"martiru01","Russell","Martin","Russell Martin","PIT","Pittsburgh Pirates",7500000,7.5
"martivi01","Victor","Martinez","Victor Martinez","DET","Detroit Tigers",13000000,13
"masteju01","Justin","Masterson","Justin Masterson","CLE","Cleveland Indians",5687500,5.6875
"mastrda01","Darin","Mastroianni","Darin Mastroianni","MIN","Minnesota Twins",500000,0.5
"mathije01","Jeff","Mathis","Jeff Mathis","MIA","Miami Marlins",1500000,1.5
"matthry01","Ryan","Mattheus","Ryan Mattheus","WAS","Washington Nationals",504500,0.5045
"matusbr01","Brian","Matusz","Brian Matusz","BAL","Baltimore Orioles",1600000,1.6
"mauerjo01","Joe","Mauer","Joe Mauer","MIN","Minnesota Twins",23000000,23
"maurebr01","Brandon","Maurer","Brandon Maurer","SEA","Seattle Mariners",490000,0.49
"maxweju01","Justin","Maxwell","Justin Maxwell","HOU","Houston Astros",492500,0.4925
"maybejo02","John","Mayberry","John Mayberry","PHI","Philadelphia Phillies",517000,0.517
"maybica01","Cameron","Maybin","Cameron Maybin","SDN","San Diego Padres",3100000,3.1
"mcallza01","Zach","McAllister","Zach McAllister","CLE","Cleveland Indians",496400,0.4964
"mccanbr01","Brian","McCann","Brian McCann","ATL","Atlanta Braves",12000000,12
"mccarbr01","Brandon","McCarthy","Brandon McCarthy","ARI","Arizona Diamondbacks",5250000,5.25
"mccutan01","Andrew","McCutchen","Andrew McCutchen","PIT","Pittsburgh Pirates",4708333,4.708333
"mcdonja03","James","McDonald","James McDonald","PIT","Pittsburgh Pirates",3025000,3.025
"mcdonjo03","John","McDonald","John McDonald","PIT","Pittsburgh Pirates",1500000,1.5
"mcfartj01","T. J.","McFarland","T. J. McFarland","BAL","Baltimore Orioles",490000,0.49
"mcgeeja01","Jake","McGee","Jake McGee","TBA","Tampa Bay Rays",506200,0.5062
"mcgowdu01","Dustin","McGowan","Dustin McGowan","TOR","Toronto Blue Jays",1500000,1.5
"mckenmi01","Michael","McKenry","Michael McKenry","PIT","Pittsburgh Pirates",505000,0.505
"mclouna01","Nate","McLouth","Nate McLouth","BAL","Baltimore Orioles",2000000,2
"medlekr01","Kris","Medlen","Kris Medlen","ATL","Atlanta Braves",2600000,2.6
"mejiaje01","Jenrry","Mejia","Jenrry Mejia","NYN","New York Mets",494925,0.494925
"melanma01","Mark","Melancon","Mark Melancon","PIT","Pittsburgh Pirates",521000,0.521
"mendolu01","Luis","Mendoza","Luis Mendoza","KCA","Kansas City Royals",532000,0.532
"mesame01","Melky","Mesa","Melky Mesa","NYA","New York Yankees",490200,0.4902
"mesorde01","Devin","Mesoraco","Devin Mesoraco","CIN","Cincinnati Reds",480000,0.48
"middlwi01","Will","Middlebrooks","Will Middlebrooks","BOS","Boston Red Sox",498000,0.498
"mijarjo01","Jose","Mijares","Jose Mijares","SFN","San Francisco Giants",1800000,1.8
"mileywa01","Wade","Miley","Wade Miley","ARI","Arizona Diamondbacks",500500,0.5005
"millean01","Andrew","Miller","Andrew Miller","BOS","Boston Red Sox",1475000,1.475
"millesh01","Shelby","Miller","Shelby Miller","SLN","St. Louis Cardinals",490000,0.49
"milonto01","Tommy","Milone","Tommy Milone","OAK","Oakland Athletics",495000,0.495
"minormi01","Mike","Minor","Mike Minor","ATL","Atlanta Braves",505000,0.505
"molinjo01","Jose","Molina","Jose Molina","TBA","Tampa Bay Rays",1500000,1.5
"molinya01","Yadier","Molina","Yadier Molina","SLN","St. Louis Cardinals",14200000,14.2
"monteje01","Jesus","Montero","Jesus Montero","SEA","Seattle Mariners",503300,0.5033
"montemi01","Miguel","Montero","Miguel Montero","ARI","Arizona Diamondbacks",10000000,10
"moorema02","Matt","Moore","Matt Moore","TBA","Tampa Bay Rays",1100000,1.1
"moorety01","Tyler","Moore","Tyler Moore","WAS","Washington Nationals",493000,0.493
"moralfr01","Franklin","Morales","Franklin Morales","BOS","Boston Red Sox",1487500,1.4875
"moralke01","Kendrys","Morales","Kendrys Morales","SEA","Seattle Mariners",5250000,5.25
"morelmi01","Mitch","Moreland","Mitch Moreland","TEX","Texas Rangers",502700,0.5027
"morneju01","Justin","Morneau","Justin Morneau","MIN","Minnesota Twins",15000000,15
"morrilo01","Logan","Morrison","Logan Morrison","MIA","Miami Marlins",491500,0.4915
"morrobr01","Brandon","Morrow","Brandon Morrow","TOR","Toronto Blue Jays",8000000,8
"morsemi01","Mike","Morse","Mike Morse","SEA","Seattle Mariners",7000000,7
"mortecl01","Clayton","Mortensen","Clayton Mortensen","BOS","Boston Red Sox",504500,0.5045
"mortoch02","Charlie","Morton","Charlie Morton","PIT","Pittsburgh Pirates",2000000,2
"moscogu01","Guillermo","Moscoso","Guillermo Moscoso","CHN","Chicago White Sox",504250,0.50425
"mossbr01","Brandon","Moss","Brandon Moss","OAK","Oakland Athletics",1600000,1.6
"moustmi01","Mike","Moustakas","Mike Moustakas","KCA","Kansas City Royals",524500,0.5245
"mujiced01","Edward","Mujica","Edward Mujica","SLN","St. Louis Cardinals",3200000,3.2
"murphda07","David","Murphy","David Murphy","TEX","Texas Rangers",5775000,5.775
"murphda08","Daniel","Murphy","Daniel Murphy","NYN","New York Mets",2925000,2.925
"myersbr01","Brett","Myers","Brett Myers","CLE","Cleveland Indians",7000000,7
"napolmi01","Mike","Napoli","Mike Napoli","BOS","Boston Red Sox",5000000,5
"narvech01","Chris","Narveson","Chris Narveson","MIL","Milwaukee Brewers",840000,0.84
"nathajo01","Joe","Nathan","Joe Nathan","TEX","Texas Rangers",8000000,8
"navada01","Daniel","Nava","Daniel Nava","BOS","Boston Red Sox",505500,0.5055
"navardi01","Dioner","Navarro","Dioner Navarro","CHN","Chicago White Sox",1750000,1.75
"nelsoch01","Chris","Nelson","Chris Nelson","COL","Colorado Rockies",491000,0.491
"neshepa01","Pat","Neshek","Pat Neshek","OAK","Oakland Athletics",975000,0.975
"nicasju01","Juan","Nicasio","Juan Nicasio","COL","Colorado Rockies",491000,0.491
"niesejo01","Jonathon","Niese","Jonathon Niese","NYN","New York Mets",3050000,3.05
"nieuwki01","Kirk","Nieuwenhuis","Kirk Nieuwenhuis","NYN","New York Mets",498124,0.498124
"nievewi01","Wil","Nieves","Wil Nieves","ARI","Arizona Diamondbacks",800000,0.8
"nixja01","Jayson","Nix","Jayson Nix","NYA","New York Yankees",900000,0.9
"nixla01","Laynce","Nix","Laynce Nix","PHI","Philadelphia Phillies",1350000,1.35
"nolasri01","Ricky","Nolasco","Ricky Nolasco","MIA","Miami Marlins",11500000,11.5
"norribu01","Bud","Norris","Bud Norris","HOU","Houston Astros",3000000,3
"norride01","Derek","Norris","Derek Norris","OAK","Oakland Athletics",492500,0.4925
"novaiv01","Ivan","Nova","Ivan Nova","NYA","New York Yankees",575600,0.5756
"nunezed02","Eduardo","Nunez","Eduardo Nunez","NYA","New York Yankees",533300,0.5333
"odayda01","Darren","O'Day","Darren O'Day","BAL","Baltimore Orioles",2200000,2.2
"oflaher01","Eric","O'Flaherty","Eric O'Flaherty","ATL","Atlanta Braves",4320000,4.32
"ogandal01","Alexi","Ogando","Alexi Ogando","TEX","Texas Rangers",506000,0.506
"oliveda02","Darren","Oliver","Darren Oliver","TOR","Toronto Blue Jays",3000000,3
"olivomi01","Miguel","Olivo","Miguel Olivo","MIA","Miami Marlins",800000,0.8
"omogrbr01","Brian","Omogrosso","Brian Omogrosso","CHA","Chicago Cubs",492000,0.492
"ondrulo01","Logan","Ondrusek","Logan Ondrusek","CIN","Cincinnati Reds",950000,0.95
"ortizda01","David","Ortiz","David Ortiz","BOS","Boston Red Sox",14500000,14.5
"ortizjo05","Joe","Ortiz","Joe Ortiz","TEX","Texas Rangers",490000,0.49
"ottavad01","Adam","Ottavino","Adam Ottavino","COL","Colorado Rockies",491000,0.491
"pachejo01","Jordan","Pacheco","Jordan Pacheco","COL","Colorado Rockies",491000,0.491
"paganan01","Angel","Pagan","Angel Pagan","SFN","San Francisco Giants",8250000,8.25
"papeljo01","Jonathan","Papelbon","Jonathan Papelbon","PHI","Philadelphia Phillies",13000000,13
"parkeja02","Jarrod","Parker","Jarrod Parker","OAK","Oakland Athletics",495000,0.495
"parmech01","Chris","Parmelee","Chris Parmelee","MIN","Minnesota Twins",497500,0.4975
"parnebo01","Bobby","Parnell","Bobby Parnell","NYN","New York Mets",1700000,1.7
"parrage01","Gerardo","Parra","Gerardo Parra","ARI","Arizona Diamondbacks",2350000,2.35
"parrama01","Manny","Parra","Manny Parra","CIN","Cincinnati Reds",1000000,1
"parrian01","Andy","Parrino","Andy Parrino","OAK","Oakland Athletics",492500,0.4925
"paterjo01","Joe","Paterson","Joe Paterson","ARI","Arizona Diamondbacks",497500,0.4975
"pattotr01","Troy","Patton","Troy Patton","BAL","Baltimore Orioles",815000,0.815
"paulxa01","Xavier","Paul","Xavier Paul","CIN","Cincinnati Reds",505000,0.505
"peacobr01","Brad","Peacock","Brad Peacock","HOU","Houston Astros",490000,0.49
"peavyja01","Jake","Peavy","Jake Peavy","CHA","Chicago Cubs",16157271,16.157271
"pedrodu01","Dustin","Pedroia","Dustin Pedroia","BOS","Boston Red Sox",10250000,10.25
"peguefr01","Francisco","Peguero","Francisco Peguero","SFN","San Francisco Giants",490500,0.4905
"pelfrmi01","Mike","Pelfrey","Mike Pelfrey","MIN","Minnesota Twins",4000000,4
"penabr01","Brayan","Pena","Brayan Pena","DET","Detroit Tigers",875000,0.875
"penaca01","Carlos","Pena","Carlos Pena","HOU","Houston Astros",2900000,2.9
"penara02","Ramiro","Pena","Ramiro Pena","ATL","Atlanta Braves",550000,0.55
"pencehu01","Hunter","Pence","Hunter Pence","SFN","San Francisco Giants",13800000,13.8
"pennicl01","Cliff","Pennington","Cliff Pennington","ARI","Arizona Diamondbacks",1750000,1.75
"peraljh01","Jhonny","Peralta","Jhonny Peralta","DET","Detroit Tigers",6000000,6
"peraljo01","Joel","Peralta","Joel Peralta","TBA","Tampa Bay Rays",3000000,3
"peralwi01","Wily","Peralta","Wily Peralta","MIL","Milwaukee Brewers",490000,0.49
"perezch01","Chris","Perez","Chris Perez","CLE","Cleveland Indians",7300000,7.3
"perezlu01","Luis","Perez","Luis Perez","TOR","Toronto Blue Jays",500000,0.5
"perezma02","Martin","Perez","Martin Perez","TEX","Texas Rangers",492000,0.492
"perezol01","Oliver","Perez","Oliver Perez","SEA","Seattle Mariners",1500000,1.5
"perezsa02","Salvador","Perez","Salvador Perez","KCA","Kansas City Royals",1000000,1
"perkigl01","Glen","Perkins","Glen Perkins","MIN","Minnesota Twins",2500000,2.5
"pestavi01","Vinnie","Pestano","Vinnie Pestano","CLE","Cleveland Indians",501900,0.5019
"pettian01","Andy","Pettitte","Andy Pettitte","NYA","New York Yankees",12000000,12
"phelpda01","David","Phelps","David Phelps","NYA","New York Yankees",512425,0.512425
"phillbr01","Brandon","Phillips","Brandon Phillips","CIN","Cincinnati Reds",10083333,10.083333
"pierrju01","Juan","Pierre","Juan Pierre","MIA","Miami Marlins",1600000,1.6
"pierzaj01","A. J.","Pierzynski","A. J. Pierzynski","TEX","Texas Rangers",7500000,7.5
"pillbr01","Brett","Pill","Brett Pill","SFN","San Francisco Giants",494000,0.494
"plouftr01","Trevor","Plouffe","Trevor Plouffe","MIN","Minnesota Twins",520000,0.52
"polanpl01","Placido","Polanco","Placido Polanco","MIA","Miami Marlins",2750000,2.75
"polloaj01","A. J.","Pollock","A. J. Pollock","ARI","Arizona Diamondbacks",491000,0.491
"porceri01","Rick","Porcello","Rick Porcello","DET","Detroit Tigers",5100000,5.1
"poseybu01","Buster","Posey","Buster Posey","SFN","San Francisco Giants",8000000,8
"pradoma01","Martin","Prado","Martin Prado","ARI","Arizona Diamondbacks",7000000,7
"pressry01","Ryan","Pressly","Ryan Pressly","MIN","Minnesota Twins",490000,0.49
"priceda01","David","Price","David Price","TBA","Tampa Bay Rays",9831954,9.831954
"profaju01","Jurickson","Profar","Jurickson Profar","TEX","Texas Rangers",491000,0.491
"pryorst01","Stephen","Pryor","Stephen Pryor","SEA","Seattle Mariners",492200,0.4922
"puigya01","Yasiel","Puig","Yasiel Puig","LAN","Los Angeles Dodgers",2000000,2
"pujolal01","Albert","Pujols","Albert Pujols","LAA","Los Angeles Angels of Anaheim",16000000,16
"puntoni01","Nick","Punto","Nick Punto","LAN","Los Angeles Dodgers",1500000,1.5
"putzjj01","J. J.","Putz","J. J. Putz","ARI","Arizona Diamondbacks",6500000,6.5
"quentca01","Carlos","Quentin","Carlos Quentin","SDN","San Diego Padres",9500000,9.5
"quintjo01","Jose","Quintana","Jose Quintana","CHA","Chicago Cubs",500000,0.5
"ramiral03","Alexei","Ramirez","Alexei Ramirez","CHA","Chicago Cubs",7000000,7
"ramirar01","Aramis","Ramirez","Aramis Ramirez","MIL","Milwaukee Brewers",10000000,10
"ramirha01","Hanley","Ramirez","Hanley Ramirez","LAN","Los Angeles Dodgers",15500000,15.5
"ramosaj01","A. J.","Ramos","A. J. Ramos","MIA","Miami Marlins",490000,0.49
"ramosce01","Cesar","Ramos","Cesar Ramos","TBA","Tampa Bay Rays",501300,0.5013
"ramoswi01","Wilson","Ramos","Wilson Ramos","WAS","Washington Nationals",501250,0.50125
"rapadcl01","Clay","Rapada","Clay Rapada","NYA","New York Yankees",553625,0.553625
"rasmuco01","Colby","Rasmus","Colby Rasmus","TOR","Toronto Blue Jays",4675000,4.675
"rauchjo01","Jon","Rauch","Jon Rauch","MIA","Miami Marlins",1000000,1
"reckean01","Anthony","Recker","Anthony Recker","NYN","New York Mets",490840,0.49084
"reddijo01","Josh","Reddick","Josh Reddick","OAK","Oakland Athletics",510000,0.51
"reedad01","Addison","Reed","Addison Reed","CHA","Chicago Cubs",520000,0.52
"reimono01","Nolan","Reimold","Nolan Reimold","BAL","Baltimore Orioles",1000000,1
"resopch01","Chris","Resop","Chris Resop","OAK","Oakland Athletics",1350000,1.35
"reverbe01","Ben","Revere","Ben Revere","PHI","Philadelphia Phillies",515000,0.515
"reyesjo01","Jose","Reyes","Jose Reyes","TOR","Toronto Blue Jays",10000000,10
"reynoma01","Mark","Reynolds","Mark Reynolds","CLE","Cleveland Indians",6000000,6
"reynoma02","Matt","Reynolds","Matt Reynolds","ARI","Arizona Diamondbacks",505500,0.5055
"ricesc01","Scott","Rice","Scott Rice","NYN","New York Mets",490000,0.49
"richacl01","Clayton","Richard","Clayton Richard","SDN","San Diego Padres",5240000,5.24
"richaga01","Garrett","Richards","Garrett Richards","LAA","Los Angeles Angels of Anaheim",495000,0.495
"riosal01","Alex","Rios","Alex Rios","CHA","Chicago Cubs",13000000,13
"riverma01","Mariano","Rivera","Mariano Rivera","NYA","New York Yankees",10000000,10
"rizzoan01","Anthony","Rizzo","Anthony Rizzo","CHN","Chicago White Sox",498000,0.498
"roberbr01","Brian","Roberts","Brian Roberts","BAL","Baltimore Orioles",10000000,10
"roberda08","David","Robertson","David Robertson","NYA","New York Yankees",3100000,3.1
"roberry01","Ryan","Roberts","Ryan Roberts","TBA","Tampa Bay Rays",2950000,2.95
"roberty01","Tyler","Robertson","Tyler Robertson","MIN","Minnesota Twins",495000,0.495
"robinsh01","Shane","Robinson","Shane Robinson","SLN","St. Louis Cardinals",498000,0.498
"rodnefe01","Fernando","Rodney","Fernando Rodney","TBA","Tampa Bay Rays",2500000,2.5
"rodrial01","Alex","Rodriguez","Alex Rodriguez","NYA","New York Yankees",29000000,29
"rodrihe03","Henry","Rodriguez","Henry Rodriguez","WAS","Washington Nationals",501000,0.501
"rodrise01","Sean","Rodriguez","Sean Rodriguez","TBA","Tampa Bay Rays",1000000,1
"rodrist02","Paco","Rodriguez","Paco Rodriguez","LAN","Los Angeles Dodgers",491500,0.4915
"rodriwa01","Wandy","Rodriguez","Wandy Rodriguez","PIT","Pittsburgh Pirates",13500000,13.5
"roenijo01","Josh","Roenicke","Josh Roenicke","MIN","Minnesota Twins",505000,0.505
"rogeres01","Esmil","Rogers","Esmil Rogers","TOR","Toronto Blue Jays",509000,0.509
"rolliji01","Jimmy","Rollins","Jimmy Rollins","PHI","Philadelphia Phillies",11000000,11
"romerri01","Ricky","Romero","Ricky Romero","TOR","Toronto Blue Jays",7500000,7.5
"rominan01","Andrew","Romine","Andrew Romine","LAA","Los Angeles Angels of Anaheim",492000,0.492
"romose01","Sergio","Romo","Sergio Romo","SFN","San Francisco Giants",3500000,3.5
"rondohe01","Hector","Rondon","Hector Rondon","CHN","Chicago White Sox",490000,0.49
"rosalad01","Adam","Rosales","Adam Rosales","OAK","Oakland Athletics",700000,0.7
"rosarwi01","Wilin","Rosario","Wilin Rosario","COL","Colorado Rockies",491000,0.491
"rosentr01","Trevor","Rosenthal","Trevor Rosenthal","SLN","St. Louis Cardinals",490000,0.49
"rossco01","Cody","Ross","Cody Ross","ARI","Arizona Diamondbacks",6000000,6
"rossda01","David","Ross","David Ross","BOS","Boston Red Sox",3100000,3.1
"rossro01","Robbie","Ross","Robbie Ross","TEX","Texas Rangers",497400,0.4974
"rossty01","Tyson","Ross","Tyson Ross","SDN","San Diego Padres",500500,0.5005
"ruggiju01","Justin","Ruggiano","Justin Ruggiano","MIA","Miami Marlins",494500,0.4945
"ruizca01","Carlos","Ruiz","Carlos Ruiz","PHI","Philadelphia Phillies",5000000,5
"russeja02","James","Russell","James Russell","CHN","Chicago White Sox",1075000,1.075
"rutlejo01","Josh","Rutledge","Josh Rutledge","COL","Colorado Rockies",490000,0.49
"ryanbr01","Brendan","Ryan","Brendan Ryan","SEA","Seattle Mariners",3250000,3.25
"ryuhy01","Hyun-jin","Ryu","Hyun-jin Ryu","LAN","Los Angeles Dodgers",3333333,3.333333
"rzepcma01","Marc","Rzepczynski","Marc Rzepczynski","SLN","St. Louis Cardinals",1100000,1.1
"sabatcc01","CC","Sabathia","CC Sabathia","NYA","New York Yankees",24285714,24.285714
"salasfe01","Fernando","Salas","Fernando Salas","SLN","St. Louis Cardinals",512000,0.512
"salech01","Chris","Sale","Chris Sale","CHA","Chicago Cubs",850000,0.85
"saltaja01","Jarrod","Saltalamacchia","Jarrod Saltalamacchia","BOS","Boston Red Sox",4500000,4.5
"samarje01","Jeff","Samardzija","Jeff Samardzija","CHN","Chicago White Sox",2640000,2.64
"sanchan01","Anibal","Sanchez","Anibal Sanchez","DET","Detroit Tigers",8800000,8.8
"sanchan02","Angel","Sanchez","Angel Sanchez","CHA","Chicago Cubs",505000,0.505
"sanchga01","Gaby","Sanchez","Gaby Sanchez","PIT","Pittsburgh Pirates",1750000,1.75
"sanchhe01","Hector","Sanchez","Hector Sanchez","SFN","San Francisco Giants",502500,0.5025
"sanchjo01","Jonathan","Sanchez","Jonathan Sanchez","PIT","Pittsburgh Pirates",1375000,1.375
"sandopa01","Pablo","Sandoval","Pablo Sandoval","SFN","San Francisco Giants",5700000,5.7
"santaca01","Carlos","Santana","Carlos Santana","CLE","Cleveland Indians",750000,0.75
"santaer01","Ervin","Santana","Ervin Santana","KCA","Kansas City Royals",13000000,13
"santihe01","Hector","Santiago","Hector Santiago","CHA","Chicago Cubs",505000,0.505
"santira01","Ramon","Santiago","Ramon Santiago","DET","Detroit Tigers",2100000,2.1
"santose01","Sergio","Santos","Sergio Santos","TOR","Toronto Blue Jays",2750000,2.75
"sappeda01","Dave","Sappelt","Dave Sappelt","CHN","Chicago White Sox",492000,0.492
"saundjo01","Joe","Saunders","Joe Saunders","SEA","Seattle Mariners",6000000,6
"saundmi01","Michael","Saunders","Michael Saunders","SEA","Seattle Mariners",512600,0.5126
"schafjo02","Jordan","Schafer","Jordan Schafer","ATL","Atlanta Braves",512500,0.5125
"schaflo01","Logan","Schafer","Logan Schafer","MIL","Milwaukee Brewers",490000,0.49
"schepta01","Tanner","Scheppers","Tanner Scheppers","TEX","Texas Rangers",493600,0.4936
"scherma01","Max","Scherzer","Max Scherzer","DET","Detroit Tigers",6725000,6.725
"schiena01","Nate","Schierholtz","Nate Schierholtz","CHN","Chicago White Sox",2250000,2.25
"schumsk01","Skip","Schumaker","Skip Schumaker","LAN","Los Angeles Dodgers",1500000,1.5
"scottlu01","Luke","Scott","Luke Scott","TBA","Tampa Bay Rays",2750000,2.75
"scribev01","Evan","Scribner","Evan Scribner","OAK","Oakland Athletics",495000,0.495
"scutama01","Marco","Scutaro","Marco Scutaro","SFN","San Francisco Giants",6666667,6.666667
"seageky01","Kyle","Seager","Kyle Seager","SEA","Seattle Mariners",510400,0.5104
"segurje01","Jean","Segura","Jean Segura","MIL","Milwaukee Brewers",492000,0.492
"semiema01","Marcus","Semien","Marcus Semien","CHA","Chicago Cubs",493000,0.493
"shawbr01","Bryan","Shaw","Bryan Shaw","CLE","Cleveland Indians",501700,0.5017
"shielja02","James","Shields","James Shields","KCA","Kansas City Royals",11000000,11
"shoppke01","Kelly","Shoppach","Kelly Shoppach","SEA","Seattle Mariners",1500000,1.5
"simmoan01","Andrelton","Simmons","Andrelton Simmons","ATL","Atlanta Braves",491250,0.49125
"simonal01","Alfredo","Simon","Alfredo Simon","CIN","Cincinnati Reds",890000,0.89
"sippto01","Tony","Sipp","Tony Sipp","ARI","Arizona Diamondbacks",1275000,1.275
"sizemsc01","Scott","Sizemore","Scott Sizemore","OAK","Oakland Athletics",500000,0.5
"skipwky01","Kyle","Skipworth","Kyle Skipworth","MIA","Miami Marlins",490000,0.49
"smithjo05","Joe","Smith","Joe Smith","CLE","Cleveland Indians",3150000,3.15
"smithse01","Seth","Smith","Seth Smith","OAK","Oakland Athletics",3675000,3.675
"smoakju01","Justin","Smoak","Justin Smoak","SEA","Seattle Mariners",514000,0.514
"smylydr01","Drew","Smyly","Drew Smyly","DET","Detroit Tigers",498000,0.498
"snidetr01","Travis","Snider","Travis Snider","PIT","Pittsburgh Pirates",505000,0.505
"sogarer01","Eric","Sogard","Eric Sogard","OAK","Oakland Athletics",495000,0.495
"solando01","Donovan","Solano","Donovan Solano","MIA","Miami Marlins",491500,0.4915
"soriaal01","Alfonso","Soriano","Alfonso Soriano","CHN","Chicago White Sox",19000000,19
"soriajo01","Joakim","Soria","Joakim Soria","TEX","Texas Rangers",2000000,2
"soriara01","Rafael","Soriano","Rafael Soriano","WAS","Washington Nationals",11742091,11.742091
"sotoge01","Geovany","Soto","Geovany Soto","TEX","Texas Rangers",2750000,2.75
"spande01","Denard","Span","Denard Span","WAS","Washington Nationals",4750000,4.75
"stammcr01","Craig","Stammen","Craig Stammen","WAS","Washington Nationals",875000,0.875
"stantmi03","Giancarlo","Stanton","Giancarlo Stanton","MIA","Miami Marlins",537000,0.537
"stewach01","Chris","Stewart","Chris Stewart","NYA","New York Yankees",515100,0.5151
"storedr01","Drew","Storen","Drew Storen","WAS","Washington Nationals",2500000,2.5
"straida01","Dan","Straily","Dan Straily","OAK","Oakland Athletics",492500,0.4925
"strasst01","Stephen","Strasburg","Stephen Strasburg","WAS","Washington Nationals",3900000,3.9
"streehu01","Huston","Street","Huston Street","SDN","San Diego Padres",7000000,7
"stroppe01","Pedro","Strop","Pedro Strop","BAL","Baltimore Orioles",502500,0.5025
"stubbdr01","Drew","Stubbs","Drew Stubbs","CLE","Cleveland Indians",2825000,2.825
"stulter01","Eric","Stults","Eric Stults","SDN","San Diego Padres",507600,0.5076
"stutemi01","Michael","Stutes","Michael Stutes","PHI","Philadelphia Phillies",492500,0.4925
"surkaer01","Eric","Surkamp","Eric Surkamp","SFN","San Francisco Giants",490500,0.4905
"suzukic01","Ichiro","Suzuki","Ichiro Suzuki","NYA","New York Yankees",6500000,6.5
"suzukku01","Kurt","Suzuki","Kurt Suzuki","WAS","Washington Nationals",6487500,6.4875
"swarzan01","Anthony","Swarzak","Anthony Swarzak","MIN","Minnesota Twins",502500,0.5025
"swishni01","Nick","Swisher","Nick Swisher","CLE","Cleveland Indians",11000000,11
"tabatjo01","Jose","Tabata","Jose Tabata","PIT","Pittsburgh Pirates",916667,0.916667
"tazawju01","Junichi","Tazawa","Junichi Tazawa","BOS","Boston Red Sox",815000,0.815
"teagata01","Taylor","Teagarden","Taylor Teagarden","BAL","Baltimore Orioles",650000,0.65
"teherju01","Julio","Teheran","Julio Teheran","ATL","Atlanta Braves",490000,0.49
"teixema01","Mark","Teixeira","Mark Teixeira","NYA","New York Yankees",23125000,23.125
"tejadmi01","Miguel","Tejada","Miguel Tejada","KCA","Kansas City Royals",1100000,1.1
"tejadru01","Ruben","Tejada","Ruben Tejada","NYN","New York Mets",514701,0.514701
"thatcjo01","Joe","Thatcher","Joe Thatcher","SDN","San Diego Padres",1350000,1.35
"thayeda01","Dale","Thayer","Dale Thayer","SDN","San Diego Padres",498900,0.4989
"tholejo01","Josh","Thole","Josh Thole","TOR","Toronto Blue Jays",1250000,1.25
"thornma01","Matt","Thornton","Matt Thornton","CHA","Chicago Cubs",5500000,5.5
"tillmch01","Chris","Tillman","Chris Tillman","BAL","Baltimore Orioles",508500,0.5085
"tomlijo01","Josh","Tomlin","Josh Tomlin","CLE","Cleveland Indians",501800,0.5018
"torreal01","Alex","Torres","Alex Torres","TBA","Tampa Bay Rays",496500,0.4965
"torrean02","Andres","Torres","Andres Torres","SFN","San Francisco Giants",1500000,1.5
"tracych01","Chad","Tracy","Chad Tracy","WAS","Washington Nationals",1000000,1
"troutmi01","Mike","Trout","Mike Trout","LAA","Los Angeles Angels of Anaheim",510000,0.51
"trumbma01","Mark","Trumbo","Mark Trumbo","LAA","Los Angeles Angels of Anaheim",540000,0.54
"tulowtr01","Troy","Tulowitzki","Troy Tulowitzki","COL","Colorado Rockies",10000000,10
"turneja01","Jacob","Turner","Jacob Turner","MIA","Miami Marlins",2150000,2.15
"turneju01","Justin","Turner","Justin Turner","NYN","New York Mets",504547,0.504547
"ueharko01","Koji","Uehara","Koji Uehara","BOS","Boston Red Sox",4250000,4.25
"ugglada01","Dan","Uggla","Dan Uggla","ATL","Atlanta Braves",13146942,13.146942
"uptonbj01","B. J.","Upton","B. J. Upton","ATL","Atlanta Braves",13050000,13.05
"uptonju01","Justin","Upton","Justin Upton","ATL","Atlanta Braves",9958333,9.958333
"uribeju01","Juan","Uribe","Juan Uribe","LAN","Los Angeles Dodgers",7295911,7.295911
"utleych01","Chase","Utley","Chase Utley","PHI","Philadelphia Phillies",15285714,15.285714
"valbulu01","Luis","Valbuena","Luis Valbuena","CHN","Chicago White Sox",930000,0.93
"valdejo02","Jordany","Valdespin","Jordany Valdespin","NYN","New York Mets",496645,0.496645
"valdera02","Raul","Valdes","Raul Valdes","PHI","Philadelphia Phillies",505000,0.505
"vargaja01","Jason","Vargas","Jason Vargas","LAA","Los Angeles Angels of Anaheim",8500000,8.5
"varvaan01","Anthony","Varvaro","Anthony Varvaro","ATL","Atlanta Braves",490000,0.49
"vealdo01","Donnie","Veal","Donnie Veal","CHA","Chicago Cubs",497500,0.4975
"venabwi01","Will","Venable","Will Venable","SDN","San Diego Padres",2675000,2.675
"verasjo01","Jose","Veras","Jose Veras","HOU","Houston Astros",1850000,1.85
"verlaju01","Justin","Verlander","Justin Verlander","DET","Detroit Tigers",20100000,20.1
"vicieda01","Dayan","Viciedo","Dayan Viciedo","CHA","Chicago Cubs",2800000,2.8
"victosh01","Shane","Victorino","Shane Victorino","BOS","Boston Red Sox",13000000,13
"villabr02","Brayan","Villarreal","Brayan Villarreal","DET","Detroit Tigers",502500,0.5025
"villaca01","Carlos","Villanueva","Carlos Villanueva","CHN","Chicago White Sox",5000000,5
"vogelry01","Ryan","Vogelsong","Ryan Vogelsong","SFN","San Francisco Giants",5000000,5
"volqued01","Edinson","Volquez","Edinson Volquez","SDN","San Diego Padres",5725000,5.725
"vottojo01","Joey","Votto","Joey Votto","CIN","Cincinnati Reds",18910655,18.910655
"wainwad01","Adam","Wainwright","Adam Wainwright","SLN","St. Louis Cardinals",12000000,12
"waldejo01","Jordan","Walden","Jordan Walden","ATL","Atlanta Braves",541500,0.5415
"walkene01","Neil","Walker","Neil Walker","PIT","Pittsburgh Pirates",3300000,3.3
"wallabr01","Brett","Wallace","Brett Wallace","HOU","Houston Astros",495000,0.495
"walljo02","Josh","Wall","Josh Wall","LAN","Los Angeles Dodgers",490500,0.4905
"watsoto01","Tony","Watson","Tony Watson","PIT","Pittsburgh Pirates",505500,0.5055
"weaveje02","Jered","Weaver","Jered Weaver","LAA","Los Angeles Angels of Anaheim",16200000,16.2
"webbry01","Ryan","Webb","Ryan Webb","MIA","Miami Marlins",975000,0.975
"weeksri01","Rickie","Weeks","Rickie Weeks","MIL","Milwaukee Brewers",11000000,11
"wellsca01","Casper","Wells","Casper Wells","SEA","Seattle Mariners",505400,0.5054
"wellsve01","Vernon","Wells","Vernon Wells","NYA","New York Yankees",24642857,24.642857
"werthja01","Jayson","Werth","Jayson Werth","WAS","Washington Nationals",16571429,16.571429
"westbja01","Jake","Westbrook","Jake Westbrook","SLN","St. Louis Cardinals",8750000,8.75
"wietema01","Matt","Wieters","Matt Wieters","BAL","Baltimore Orioles",5500000,5.5
"wiggity01","Ty","Wigginton","Ty Wigginton","SLN","St. Louis Cardinals",2500000,2.5
"wilheto01","Tom","Wilhelmsen","Tom Wilhelmsen","SEA","Seattle Mariners",509100,0.5091
"willije01","Jeff","Williams","Jeff Williams","LAA","Los Angeles Angels of Anaheim",2000000,2
"willijo03","Josh","Willingham","Josh Willingham","MIN","Minnesota Twins",7000000,7
"wilsocj01","C. J.","Wilson","C. J. Wilson","LAA","Los Angeles Angels of Anaheim",11500000,11.5
"wilsoju10","Justin","Wilson","Justin Wilson","PIT","Pittsburgh Pirates",493500,0.4935
"wisede01","Dewayne","Wise","Dewayne Wise","CHA","Chicago Cubs",700000,0.7
"woodbl01","Blake","Wood","Blake Wood","CLE","Cleveland Indians",560000,0.56
"woodtr01","Travis","Wood","Travis Wood","CHN","Chicago White Sox",527500,0.5275
"worleva01","Vance","Worley","Vance Worley","MIN","Minnesota Twins",525000,0.525
"wrighda03","David","Wright","David Wright","NYN","New York Mets",10192071,10.192071
"wrighwe01","Wesley","Wright","Wesley Wright","HOU","Houston Astros",1025000,1.025
"youklke01","Kevin","Youkilis","Kevin Youkilis","NYA","New York Yankees",12000000,12
"youngch04","Chris","Young","Chris Young","OAK","Oakland Athletics",8700000,8.7
"youngde03","Delmon","Young","Delmon Young","PHI","Philadelphia Phillies",750000,0.75
"younger03","Eric","Young","Eric Young","COL","Colorado Rockies",492000,0.492
"youngmi02","Michael","Young","Michael Young","PHI","Philadelphia Phillies",18374975,18.374975
"zieglbr01","Brad","Ziegler","Brad Ziegler","ARI","Arizona Diamondbacks",3150000,3.15
"zimmejo02","Jordan","Zimmermann","Jordan Zimmermann","WAS","Washington Nationals",5350000,5.35
"zimmery01","Ryan","Zimmerman","Ryan Zimmerman","WAS","Washington Nationals",14100000,14.1
"zitoba01","Barry","Zito","Barry Zito","SFN","San Francisco Giants",20000000,20
"zobribe01","Ben","Zobrist","Ben Zobrist","TBA","Tampa Bay Rays",5687300,5.6873
